N,Name,Url,Type,Country,City,Area,Description,Comment,Comment2,
1,Microsoft,https://github.com/Microsoft/bond,RD,UK,Cambridge,Compilers,sponsored GHC r&d, framework for working with schematized data,,
2,Facebook,https://goo.gl/U99jAO,IP,USA,"CA, Menlo Park","Advertising, Spam Filtering",Haxl - Haskell library that simplifies access to remote data, such as databases or web-based services,,
3,Barclays Capital,http://www.barclays.com/,IP,UK,London,Finance,In-House Trading software,,,
4,Standard Chartered Bank,https://www.sc.com/en/index.html,IP,UK,London,Finance,In-House Trading software,https://twitter.com/MikolajKonarski/status/1153189256959004672,,
5,Tsuru Capital,http://www.tsurucapital.com/en/,IP,Japan,Tokyo,Finance,Trading software,,,
6,Galois,http://corp.galois.com/,RD,USA,"OR, Portland","Consulting, Research",various R&D projects,,,
7,FP Complete,https://www.fpcomplete.com/,CO,USA,"CA, San Diego",Consulting,Haskell consulting, various products,,
8,IOHK,https://iohk.io,RD,Hong Kong,Hong Kong,Blockchain,Cardano blockchain and ecosystem,https://iohk.io/careers/#op-311297-software-engineer-financial-contracts,,
9,Tesla,https://www.tesla.com/,IP,USA,"CA, Palo Alto",Hardware,various internal projects,https://www.reddit.com/r/haskell/comments/95osyd/fulltime_position_at_tesla_inc/,,
10,Skedge ,http://skedge.me,PR,USA,"NY, NYC","Productivity, SaaS",Scheduling software, backend written in Haskell,,
11,Chordify,https://chordify.net/,PR,Netherlands,Utrecht,"SaaS, Music",music analysis, consulting,,
12,Janrain ,http://janrain.com ,PR,USA,"OR, Portland","SaaS, Authorization",Login service provider, parts on backend in Haskell (Capture),,
13,Zalora ,http://worldwide.zalora.com/,IP,Singapore,Singapore,E-commerce,DevOps backend deployment and Amazon EC2 automatization.,See [upcast](https://github.com/zalora/upcast),,
14,SignalVine ,https://www.signalvine.com/,PR,USA,"VA, Alexandria",SaaS,Partially Haskell infrastructure for Intelligent text messaging platform ,,,
15,Kelecorix ,https://kelecorix.com,CO,USA,"Fl, Rockledge","Consulting, Research",Multiple customer tailored projects consulting,,,
16,Soostone ,http://soostone.com,PR,USA,"NY, NYC",Advertising,develops eDSL for AB-style testing. ,https://twitter.com/ozataman/status/1128393937981513730,,
17,Hasura ,http://hasura.io/,PR,India,Bangalore,Databases,micro-services PaaS , http://34cross.in/zero-to-haskell-in-production,,
18,Fugue,https://www.fugue.co/,PR,USA,"MD, Frederick",Security,ensures cloud infrastructure stays in continuous compliance with enterprise security policies.. immutable infrastructure  automates the creation  operations  and regeneration of cloud infrastructure.,,,
19,Liquid Democracy ,https://liqd.net/,PR,Germany,Berlin,E-government,E-government solutions , https://liqd.net/job_haskell.html,,
20,Kaspersky Lab,http://kaspersky.com,PR,Russia,Moscow,Security,"Compilers, Security",https://mail.haskell.org/pipermail/haskell-cafe/2015-October/121851.html,https://os.kaspersky.com,
21,Capital Match,http://www.capital-match.com/,PR,Singapore,Singapore,Finance,a peer-to-peer lending marketplace for Small and Medium Businesses  private and corporate investor ,http://abailly.github.io/posts/cm-arch-design.html,,
22,Tweag,https://tweag.io,CO,France,Paris,"Consulting, Research",Haskell consulting ,,,
23,Prezi,https://prezi.com/,PR,USA,"CA, San Francisco","Productivity, SaaS",Cloud-based presentation software,http://vigoo.github.io/posts/2015-09-21-haskell-case-study.html,,
24,Pusher ,http://pusher.com,PR,UK,London,Networking,Real-time channels (?),,,
25,Obsidian Systes ,https://obsidian.systems/,CO,USA,"NY, NYC",Consulting,Multiple customer tailored projects consulting, goo.gl/OeHjZU,,
26,Well Typed,http://www.well-typed.com/,CO,UK,London,Consulting,Multiple customer tailored projects consulting , goo.gl/G7eowH,,
27,Bdellium ,http://bdellium.com/,IP,USA,"HI, Honolulu",Finance,In-house risk management ,,,
28,BlockApps ,http://blockapps.net/,PR,USA,"NY, NYC",Blockchain,BlockApps is a Haskell-based blockchain infrastructure company , Job [info] (https://www.reddit.com/r/haskell/comments/4douwk/haskell_jobs_at_blockapps_build_next_generation/),,
29,StackBuilders ,http://www.stackbuilders.com/,CO,Ecuador,Quito,Consulting,Various customer tailored projects, consulting,,
30,WellPosed ,http://www.wellposed.com/,CO,USA,"NY, NYC",Consulting,Various customer tailored projects, consulting,,
31,Chegg,https://chegg.com,PR,USA,"NY, NYC","Education, SaaS","Automatic citation management for academics, previously RefMe, then CiteThisForMe",,,
32,LuMiGuide ,https://lumiguide.eu/,PR,Netherlands,Nijmegen,Automotive,Smart mobility solutions," Bicycle direction system , web  backend (ghcjs  servant) + hardware (CV)",,
33,Plow Technologies ,http://www.plowtech.net/,PR,USA,"OK, Yukon",Hardware,industrial monitoring ,web  backend (ghcjs +servant),,
34,GetShop.TV,http://getshoptv.com/,PR,Russia,Moscow,Advertising,Interactive TV Ads,web backend,,
35,Anchor,http://www.anchor.com.au/,IP,Australia,Sydney,Networking,DevOps backend deployment.,,,
36,Applikativ,http://applikativ.no/,CO,Norway,Stavanger,Consulting,Haskell consulting,,,
37,Assertible,https://assertible.com/,PR,USA,"TX, Houston",Testing,Automated testing,,,
38,Beautiful Destinations,http://www.beautifuldestinations.com,PR,UK,London,"SaaS, Travel, Advertising",,,,
39,ByteAlly,http://byteally.com/,CO,India,Chennai,Consulting,Haskell consulting, products,,
40,CircuitHub,https://circuithub.com/,PR,USA,"MA, Deerfield",Hardware,online EDA, pcb maker,,
41,Commonwealth Bank,http://stackoverflow.com/jobs/companies/commonwealth-bank,IP,Australia,Sydney,Finance,some financial tools,,,
42,DigitalX,https://digitalx.com,PR,Australia,Perth,Blockchain,blockchains,,,
43,Elsen,https://elsen.co/,PR,USA,"MA, Boston",Finance,Financial analysis," trading, https://github.com/elsen-trading",,
44,Extensibl,https://extensibl.com/,CO,New Zealand,Auckland,Consulting,Various customer tailored projects,,,
45,Scrive ,http://scrive.com/,PR,Sweden,Stockholm,Security,Scrive is a service for e-signing tenders  contracts  and other documentse. ,,,
46,FPInsight,http://www.fpinsight.com/,CO,France,Paris,Consulting,Haskell consulting,,,
47,Freckle Education,https://www.freckle.com/,PR,USA,"CA, San Francisco",Education,education platform,,,
48,Helium Systems,https://www.helium.com,PR,USA,"CA, Irvine",Telecom,backend for IoT platform,,,
49,"Hooky, Inc",https://mobeeapp.com/,PR,USA,"MA, Boston","SaaS, Mobile",backend for brand rewards mobile app,,,
50,Infinipool,http://www.infinipool.com/,IP,Germany,Berlin,Data Analysis,"devops,  data storage and transport techniques",,,
51,Iris Connect,http://www.irisconnect.co.uk/,PR,UK,Hove,Education,Learning platform,,,
52,Keera Studios,http://keera.co.uk/blog/,PR,UK,London,"Gaming, Mobile",Game Development,,,
53,Kite & Lightning,http://kiteandlightning.com/,PR,USA,"WA, Seattle",AI,Advanced Building Automation / A.I.,backend services,,
54,Tenderoom,https://tenderoom.com/,PR,Israel,Tel Aviv,"Logistics, SaaS",continuous goods supply platform,,,
55,Least Fixed,https://leastfixed.com/,CO,UK,Cambridge,Consulting,Various customer tailored projects,,,
56,LexisNexis Risk Solutions,https://www.lexisnexis.com/risk/uk/,IP,UK,London,Finance,"Insurance modeling, finances, risk management",,,
57,Madriska Inc.,http://www.madriska.com/,CO,USA,"IL, Chicago",Consulting,,,,
58,Midroll,http://www.midroll.com/,IP,USA,"CA, Los Angeles",Advertising,,,,
59,MyFansDemand,https://myfansdemand.com/,IP,USA,"TN, Nashville",Social Networks,,,,
60,Picus Security,https://www.picussecurity.com/,IP,Turkey,Ankara,Security,,,,
61,Rheo Systems,http://rheosystems.com/,IP,South Africa,Pretoria,Hardware,,,,
62,Scoompa,http://www.scoompa.com/,IP,Israel,Tel Aviv,SaaS,backend for photography mobile apps,,,
63,VaryWell,http://varywell.com/,CO,USA,"WA, Seattle",Art,Various artistry projects,,,
64,SimplyRETS,https://simplyrets.com/,IP,USA,"TX, Houston",SaaS,Property Management,,,
65,Snowdrift.coop,https://snowdrift.coop/,IP,Worldwide,NA,SaaS,crowdmatching,,,
66,Stitcher,http://www.stitcher.com/,IP,USA,"CA, San Francisco",SaaS,podcasting,,,
67,Suite Solutions,http://suite-sol.com/,IP,Israel,Jerusalem,SaaS,http://suite-sol.com/about-us/careers/,,,
68,Odeko,https://odeko.com/,PR,USA,"NY, NYC","SaaS, AI",data analysis for SMB ,,,
69,Swift Navigation,https://www.swiftnav.com/,IP,USA,"CA, San Francisco",Hardware,Linear algebra for GPS hardware,,,
70,Systor Vest,http://www.systorvest.no/,IP,Norway,Stavanger,,,,,
71,Thoughtbot,https://thoughtbot.com/,PR,USA,"TX, Austin",Consulting,Various customer tailored projects,,,
72,Turing Jump,https://turingjump.com/,CO,Germany,Berlin,Consulting,,,,
73,UpHere,https://www.uphere.ai/,PR,USA,"CA, San Francisco",AI,"https://github.com/uphere-co, Artificial Intelligence Search Platform for Finance Industry",,,
74,VFILES,https://www.vfiles.com/,PR,USA,"NY, NYC","Social Network, E-commerce","E-Commerce, https://www.reddit.com/r/haskell/comments/37cqo1/vfiles_is_hiring_new_york/",,,
75,Virtual Forge,https://www.virtualforge.com/en/home.html,IP,Germany,Heidelberg,Security,"online security, networking systems",,,
76,Wellposed,http://www.wellposed.com/,RD,USA,"NY, NYC",Consulting,Various customer tailored projects,,,
77,ABN AMRO,https://www.abnamro.com/en/index.html,IP,Netherlands,Amsterdam,Finance,"Investment banking, financial services",http://cufp.galois.com/2007/abstracts.html#CyrilSchmidt,,
78,Aetion Technologies,https://www.aetion.com/,IP,USA,"OH, Columbus",AI,Artificial Intelligence,http://cufp.galois.com/2006/slides/GaryMorris.pdf,,
79,Alcatel-Lucent,https://www.al-enterprise.com/en,IP,France,Paris,Telecom,"Narrow-band software radio systems, running in (soft) real-time.",,,
80,Aliston Trading,http://www.allstontrading.com/,IP,USA,"IL, Chicago",Finance,market making,,,
81,Myan Capital,http://www.myantrading.com/,IP,USA,"IL, Chicago",Finance,investment trading with Market Profile,,,
82,Alpha Heavy,http://www.alphaheavy.com/,IP,USA,"CA, San Francisco",Finance,assets management,,,
83,Amgen,http://www.amgen.com/,IP,USA,"CA, Thousand Oaks",Biology,molecular biology software,,,
84,Antiope,http://antiope.com/,IP,USA,"NJ, Fair Heaven","Hardware, Telecom","Wireless simulation, hardware design",,,
85,Asurion,https://www.asurion.com/,IP,USA,"TN, Nashville",,DevOps,,,
86,BAE Systems,http://www.baesystems.com/en/home?r=UA,IP,USA,"NC, Charlotte",Hardware,"Wireless simulation, hardware design",,,
87,BazQux,https://bazqux.com/,PR,Russia,Moscow,SaaS,RSS reader,,,
88,bCode,http://bcode.com/,IP,Australia,Sydney,Finance,"Investment banking, financial services",,,
89,Betterteam,https://www.betterteam.com/,PR,USA,"CA, Los Angeles",SaaS,"SaaS recuitment platform, frontend PureScript",,,
90,Bluespec,http://www.bluespec.com/,IP,USA,"MA, Framingham",Hardware,"hardware design (ASIC, FPGA)",,,
91,Capital IQ,https://www.capitaliq.com/,IP,USA,"NY, NYC",Finance,Financial analysis, ,,
92,Credit Suisse,https://www.credit-suisse.com/international/en.html,IP,Switzerland,Zurich,Finance,Financial analysis, ,,
93,Deutsche Bank,https://www.db.com/company/index.htm,IP,Germany,Frankfurt,Finance,Financial analysis, ,,
94,Eaton,http://www.eaton.com/RU/Eaton/index.htm,IP,USA,"CO, Lafayette",Hardware,hydraulics systems,,,
95,Nike,https://nike.com,IP,USA,"OR, Portland",Infrastructure,Developers tooling https://github.com/Nike-Inc/bartlett,,,
96,Serokell,https://serokell.io/,CO,Russia,Saint Petersburg,"Consulting, Research",Multiple customer tailored projects consulting,,,
97,Symbiont,https://symbiont.io/,PR,USA,"NY, NYC",Blockchain,"Symbiont is a New York-based startup that is using smart contracts and blockchain technology to radically improve financial market back-office infrastructure. Haskell is currently used at Symbiont for its network management tooling, and there are plans to expand the use of the language to transaction processing and other backend services",,,
98,Layer 3 Communications,https://layer3com.com,IP,USA,"GA, Atlanta",Networking, ,,,
99,Position Development,http://positiondev.com/,CO,USA,"NY, NYC",Consulting, Haskell Consulting,,,
100,Vacation Labs,https://www.vacationlabs.com/,IP, India,Goa,SaaS, product for travels,https://www.vacationlabs.com/haskell-internship/,,
101,Mpowered,https://mpowered.co.za/,IP, Sweden,Stockholm,SaaS,product for Broad-Based Black Economic Empowerment(B-BBE),http://mpowered.co.za/jobs/,,
102,Relex Solutions,https://relex.recruiterbox.com/jobs/fk01gjr/,IP,Finland,Helsinki,SaaS, product for supply chains in retail, https://relex.recruiterbox.com/jobs/fk01gjr/,,
103,Dolla,https://dolla.org,RD,Canada,New Brunswick,Blockchain,Custom blockchain system,,,
104,MigaMake,https://www.migamake.com/,CO,Singapore,Singapore,Consulting,Multiple customer tailored projects consulting,,,
105,DigitalAsset,https://www.digitalasset.com/,PR,USA,"NY, NYC",Blockchain,Custom blockchain system,https://functional.works-hub.com/jobs/software-engineer-enterprise-readiness-in-new-york-united-states-of-america-d85eb,,
106,CryptiumLabs,https://cryptium.ch/#/en,PR,Switzerland,Zug,Blockchain,Custom blockchain system,https://functional.works-hub.com/jobs/remote-blockchain-protocol-developer-7d929,,
107,CompareStack,https://comparestack.com/,PR,UK,London,Data Analysis,comparing pricing between different providers,,,
108,Formation,https://formation.ai/,PR,USA,"CA, San Francisco",AI,,https://functional.works-hub.com/jobs/1372,,
109,Condulent,https://www.conduent.com/,PR,USA,"NC, Raleigh",Blockchain,,https://functional.works-hub.com/jobs/software-engineer-programming-languages-in-raleigh-united-states-of-america-a2f83,,
110,FullStackDevelopment,https://www.fullstack-development.com/,CO,Russia,Tomsk,Consulting,Various customer tailored projects,,,
111,CollegeVine,https://www.collegevine.com/,PR,USA,"MA, Cambridge",SaaS,College Apps,https://functional.works-hub.com/jobs/remote-haskell-polyglot-full-stack-developer-0102b,,
112,Habito,https://www.habito.com/,PR,UK,London,"SaaS, AI",mortgage broker,https://functional.works-hub.com/jobs/security-engineer-in-london-united-kingdom-fe26c,,
113,NewBusinessMonitor,https://newbusinessmonitor.co.uk/,PR,UK,London,SaaS,data analysis for UK companies,Yesod + ELM,,
114,Proda,https://www.proda.ai/,PR,UK,London,"SaaS, AI",Smart property management plarform,,,
115,Adjoint,https://www.adjoint.io/,PR,UK,London,Finance,Accounting software,,,
116,Inchora,https://www.inchora.com/,PR,UK,London,SaaS,"B2B Fintech Distribution, Insurance",https://functional.works-hub.com/jobs/HaskellEngineer-Mar-2017-feaf3,,
117,Sked,https://www.sked.life/,PR,USA,"Mi, Wyoming",SaaS,scheduling for chiropractic appointments ,https://functional.works-hub.com/jobs/1572,,
118,Frekle Education,https://www.freckle.com/,PR,USA,"CA, San Francisco","SaaS, Education",education platform,https://functional.works-hub.com/jobs/1572,,
119,Plydis,https://plydis.com,PR,Ukraine,Odessa,"Logistics, SaaS",retail distributions management,,,
120,Groq,https://groq.com/,PR,USA,"OR, Portland","Hardware, AI, Compilers","developing a tensor processing unit, which is an integrated circuit developed specifically for ML. Google, Inc, main investor",https://functional.works-hub.com/jobs/compiler-engineer-in-portland-united-states-of-america-cdfa9,,
121,Advanced Telematic Systems,https://www.advancedtelematic.com/,PR,Germany,Berlin,Automotive,,,,
122,AlasConnect,http://alasconnect.com,PR,USA,"AK, Palmer",Telecom,,,,
123,Kadena,https://www.kadena.io,PR,USA,"NY, NYC",Blockchain,Custom blockchain system,,,
124,UncannyWorks,http://uncannyworks.com/index.html,PR,Japan,Osaka,Gaming,,https://hasjob.co/juspay.in/i69pg,,
125,JusPay,https://juspay.in/,PR,India,Bangalore,Finance,Gateway payment processor,,,
126,Ontellus,https://www.ontellus.com/,IP,USA,"TX, Houston",Law,law records retrieval SaaS,https://www.linkedin.com/jobs/view/1313948755/,,
127,Mercury,https://mercury.co/,PR,USA,"CA, San Francisco",Finance,banking for startups,https://mercury.co/jobs/generalist_engineer,,
128,Wire,https://wire.com/en/,PR,Switzerland,Zug,"Telecom, Messaging","secure chat, collaboration platform",https://medium.com/@neongreen/wire-is-hiring-again-a-devops-haskell-position-berlin-806bf2e3cec3,,
129,Select * ,http://selectstjarna.com/,PR,Sweden,Stockholm,Compilers,custom query language,https://np.reddit.com/r/haskell/comments/bofwjy/select_is_hiring_haskell_developer_remote_or/,,
130,StateBox,http://statebox.org,PR,Netherlands,Amsterdam,Compilers,Categorical Query Language,,,
131,MasterWorld,https://www.masterword.com/,PR,USA,"TX, Houston",Compilers,Custom language system,https://www.masterword.com/job/haskell-programmer/,,
132,Interos,https://www.interos.net/,PR,USA,"VA, Arlington",AI,AI POWERED SUPPLY CHAIN RISK MANAGEMENT,https://interos.applicantpro.com/jobs/986650-306376.html,,
133,SimSpace,https://www.simspace.com/,PR,USA,"MA, Boston",Security,Security analysis platform,https://angel.co/company/simspace/jobs/64261-software-engineer-backend,,
134,Co-Start,https://www.costarastrology.com/,PR,USA,"NY, NYC","Productivity, SaaS",astrology service,https://np.reddit.com/r/haskell/comments/bayb8m/job_costar_is_hiring_haskell_programmers_in_ny/ , https://costarastrology.freshteam.com/jobs/17jVktVwsUeK/full-stack-developer,
135,Channable,https://www.channable.com/,PR,Netherlands,Utrecht,Advertising,online marketing platform,https://www.channable.com/career/haskell-software-engineer/,,
136,Tvision,https://www.tvisioninsights.com/,PR,USA,"NY, NYC",Advertising,Interactive TV Ads,https://www.tvisioninsights.com/job?gh_jid=4038050002,,
137,Typeable,https://typeable.io,CO,Russia,Moscow,Consulting,Haskell consulting,https://blog.typeable.io/posts/2019-03-20-we-are-hiring-haskellers.html,,
138,Target,https://target.com/,IP,USA,"Ca, Sunnyvale",E-commerce,data analysis ,https://jobs.target.com/job/sunnyvale/lead-data-engineer-data-science-optimization/1118/10952361,,
139,Banyan,https://www.banyaninfrastructure.com/,IP,USA,"CA, San Francisco",Finance,risk management,https://angel.co/company/banyan-infrastructure/jobs/524748-vp-of-engineering,,
140,Bitnominal,https://bitnomial.com/,IP,USA,"IL, Chicago",Finance,Crypto exchange, cryptocurrency risk management,https://np.reddit.com/r/haskell/comments/b85odr/job_bitnomial_chicago_il/,
141,Metrix,http://metrix.ai,PR,Russia,Moscow,"AI, Advertising",Scaling digital ad efficiency combining science and AI,,,
142,Astor,https://astro.ai,PR,Sweden,Stockholm,Finance,express data entry from checks and analysis,,,
143,Tautachrome,https://tautachrome.com,PR,USA,"AZ, Tuscon",Finance,Custom blockchain system,,,
144,Global Access Internet Services,https://global.de/,PR,Germany,Munich,Analytics,"Global Access Internet Services GmbH uses haskell to do analytics of their data center usage primarily for billing, but also other purposes. Haskell powers the backend of the application and is also used for automated deployment and monitoring thereof.",,,
145,Runtime Verification,https://runtimeverification.com/about/,PR,USA,"IL, Urbana",Compilers,"startup company aimed at using runtime verification-based techniques to improve the safety, reliability, and correctness of software systems. The Haskell team is working on an open source Haskell K backend.https://github.com/kframework/kore",,,
146,Zalando,https://jobs.zalando.com/tech,PR,Germany,Berlin,Online retailer,Haskell is used for some micro-services in the Merchant Operations department,,,
147,Netscout,https://www.netscout.com/,IP,Australia,Sydney,Networking,Data centr and infrastracture related projects,,,
148,Earnest Research ,https://www.earnestresearch.com/,PR,USA,"NY, NYC",Finance,Financial data analysis,,,
149,Luna,https://luna-lang.org/,PR,Poland,Cracow,Compilers,dsl for data analysis + visualization saas,,,
150,Paramander,https://www.paramander.com/,CO,Netherlands,The Hague,Consulting,Various customer tailored projects,,,
151,Sannsyn AS,https://sannsyn.com/,IP,Norway,Oslo,Data Analysis,"internal tools for data analysis; towards wholesalers, financial institutions",,,
152,Radical,http://radicle.xyz/,PR,Worldwide,NA,Compilers,code collaboration tool,,,
153,OSCoin,http://oscoin.io/,PR,Worldwide,NA,Blockchain,novel protocol and token system,,,
154,HXR Team,http://hxr.team/ru/,CO,Russia,Moscow,Consulting,Various customer tailored projects,,,
155,Klarna,https://www.klarna.com/,PR,Sweden,Stockholm,Finance,neobanking, payment processing,https://jobs.lever.co/klarna/31d34971-68a4-461d-8e9b-d69ffd7148d9,https://developers.klarna.com/
156,Secucloud,https://www.secucloud.com/en/,IP,Germany,Hamburg,Security,cloud security,,,
157,Atidot,https://www.atidot.com/,PR,Israel,Tel Aviv,Finance,"Insurance modeling, finances, risk management",,,
158,FretLink,https://www.fretlink.com/,PR,France,Paris,"Logistics, SaaS",transportation, freight management,,
159,RiskBook,https://riskbookltd.com/,PR,UK,London,Finance,"Insurance modeling, finances, risk management",,,
160,RunABetterSet,https://www.runabetterset.com/,PR,USA,Chicago,"Productivity, SaaS",productivity app for film industry,,,
161,Ersocon,https://ersocon.net/,PR,Switzerland,Zurich,Consulting,Various customer tailored projects,,,
162,Satdata,https://satdata.rocks,PR,Estonia,Tallinn,"Space, SaaS",platform for space data manipulation,,,
163,Nonbili,https://nonbili.jp/,PR,Japan,Fujisawa,SaaS,website builder,https://github.com/nonbili,https://gist.github.com/rnons/c04acc1f4db94ffee890f425acfb3dc4/1ba762e6f2147be5c2b0025703e36d5b7ec57761,
164,LeapYear,https://leapyear.ai/,PR,USA,"CC, Berkeley","AI, Data Analysis",machine learning ,,,
165,Ambiata,http://ambiata.com,PR,Australia,Sydney,Marketing,,,,
166,BeeWell,http://beewell.health,PR,USA,"NC, Raleigh",Health,,,,
167,Anduril,https://www.anduril.com/,PR,USA,"CA, Orange County","AI, Computer Vision",,,,
168,Holmusk,https://www.holmusk.com,PR,Singapore,Singapore,Health,mental health,,,
169,Folq,https://folq.no,PR,Norway,Oslo,Staffing,,,,
170,Github,https://github.com ,IP,USA,"CA, San Francisco",Compilers,static analysis,,,
171,Cross Compass,https://cross-compass.com,CO,Japan,Tokyo,"AI, Data Science, Research",,,https://www.reddit.com/r/haskell/comments/a0iq61/job_cross_compass_is_currently_hiring_haskell/,
172,Arbor Networks,https://www.arbornetworks.com,PR,Australia,Sydney,"Networking, Security",Anti-DDOS system,,,
173,Antei,https://antei.de,CO,Germany,Bielefeld,Consulting,Software developement,,,
174,Permutive,https://permutive.com,PR,UK,London,Data Analysis,"data management, data analysis",,https://permutive.com/jobs/software-engineer-haskell-scala/,
175,AsahiNet,https://asahi-net.jp/en/,IP,Japan,Tokyo,Networking,In-house networking for ISP services,,,
176,Data61,https://data61.csiro.au,RD,Australia,Sydney,"Consulting, Research",,,,
177,Futurice,https://futurice.com,CO,Finland,Helsinki,Consulting,,,,
178,ITProTV,https://www.itpro.tv,PR,USA,"FL, Gainesville",Education,,,,
179,CentralApp,https://www.centralapp.com/en,PR,Belgium,Brussels,"E-commerce, SaaS",static site generator,,,
180,Grafted-In,https://www.graftedin.io/,CO,USA,"MI, Fenton",Consulting,,,,
181,Health eFilings,https://healthefilings.com/,IP,USA,"WI, Madison",Health,,,,
182,Hornet Security,https://www.hornetsecurity.com/en/,IP,Germany,Hannover,"Networking, Security",,,,
183,Hotwirestudios,http://www.hotwirestudios.com/,CO,Germany,Dortmund,Consulting,,,,
184,IMVU,http://about.imvu.com,PR,USA,"CA, Redwood",Gaming,,,,
185,Inchora,https://www.inchora.com,IP,UK,Farnborough,Finance,,,,
186,Indicatrix,https://www.indicatrix.io/,IP,Australia,Brisbane,Data Analysis,,,,
187,JP Morgan,https://www.jpmorgan.com/,RD,USA,"NY, NYC",Finance,,,,
188,MailOnline,https://www.dailymail.co.uk/,IP,UK,London,Entertaiment,online media publisher,,,
189,Focus On Listening,https://focusonlistening.com/,PR,Norway,Oslo,"Audio, AI","automatic real-time transcripton, speech-to-text ",,,
190,Myrtle Software,https://myrtle.ai/,IP,UK,Cambridge,"AI, Machine Learning",,,,
191,Seller Labs,https://www.sellerlabs.com/,IP,USA,"GE, Athens",Advertising,,,,
192,Sentenai,https://sentenai.com/,PR,USA,"MA, Boston","AI, Data Analysis",,,,
193,Tocoman,https://tocoman.fi/,IP,Finland,Helsinki,Data Analysis,,,,
194,Tracsis,https://www.tracsis.com/,IP,UK,Leeds,Logistics,,,,
195,Ambra Health,https://ambrahealth.com/,IP,USA,"NY, NYC",Health,,,,
196,Atomic IT Solutions,http://atomicits.com/,CO,India,Chennai,Consulting,,,,
197,QBayLogic,http://qbaylogic.com/,CO,Netherlands,Enschede,"Consulting, Hardware","FPGA, clash consulting",,,
198,DFINITY,https://dfinity.org/,PR,Switzerland,Zurich,Blockchain,blockchain-based cloud computing project.,,,
199,Lumi,https://www.lumi.com/,PR,USA,"CA, Los Angeles","Logistics, SaaS",,,,
200,NovaDiscovery,https://www.novadiscovery.com/,PR,France,Lyon,Health,,,,
201,Kitty Hawk,https://kittyhawk.aero/,PR,USA,"CA, Mountain View","Aircraft, Hardware","aerospace, flying vehicles",,,
202,Sqream Technologies,https://sqream.com/,PR,Israel,Tel Aviv,Databases,Data warehouse for massive data,,,
203,Krizo,https://krizo.dk,PR,Dennmark,Copenhagen,"Productivity, SaaS",crisis management platform,,,
204,Roompact,https://roompact.com/,PR,USA,"IL, Chicago","Education, SaaS",Software platform for university housing departments,,,
205,Stilo,https://stilo.com/,PR,Canada,Ottawa,Text processing,Back-end for AuthorBridge, a Web-based XML editor,,
206,Nstack,https://nstack.com,PR,UK,London,Data Analysis,,https://www.reddit.com/r/haskell/comments/6nunj7/hiring_nstack_is_hiring_haskell_engineers_in/,,
207,Arcesium,https://arcesium.com/,PR,USA,"NY, NYC",Finance,multiple services for trading,,,
208,Artificial,https://artificial.io/,PR,UK,London,"Finance, Insurance",insurance products,,,
209,Franka Emika,https://www.franka.de/,PR,Germany,Munich,"Hardware, Robotics",,https://www.reddit.com/r/haskell/comments/cjdc63/hiring_build_advanced_robot_technology_using/,,
210,Zoomin Software,https://zoominsoftware.com,PR,Israel,Tel Aviv,SaaS,,,,
211,Monad,https://monad.fi/en/,CO,Finland,Tampere,Consulting,,,,
212,Trigram,http://trigram.no,PR,Norway,Stavanger,"SaaS, Linguistics",Novel spellchecker,,,
213,Awake Security,https://awakesecurity.com/,PR,USA,"Ca, Sunnyvale","Networking, Security",network security solutions,,,
214,MonadFix,https://monadfix.io,CO,Estonia,Tallinn,Consulting,Haskell consulting,,,
215,Typelead,http://www.typelead.com,PR,India,Bangalore,Compilers,ETA compiler (Haskell on JVM),,,
216,TripShot,https://www.tripshot.com,PR,USA,"OR, Portland",Logistics,Transit and Commute Transportation Management,,,
217,Urbint,https://urbint.com/,PR,USA,"NY, NYC","AI, Urban planning",Urban infrastructure planning,,,
218,BNP Pariba,https://group.bnpparibas/en/,IP,France,Paris,Finance,,,,
219, Vente Privée,http://www.veepee.com/,IP,France,Paris,E-commerce,,,,
220,Clearmatics,http://www.clearmatics.com,IP,UK,London,Finance,,http://www.stephendiehl.com/posts/haskell_2017.html,,
221,Deon Digital,https://deondigital.com,PR,DK,Copenhagen,"Finance, Blockchain",Digital contract language,Main office in Zürich,,
222,Soundflow,https://soundflow.ai/,PR,USA,"TX, Austin","Audio, AI, Retail","Analyze every in-store interaction in real time, using AUDIO and AI",,,
223,MackeyRMS,https://mackeyrms.com,PR,USA,"MA, Boston",SaaS,research management webapp,https://twitter.com/MackeyRMS/status/897802158774603776,,
224,Numer,https://numer.ai,PR,USA,"CA, San Francisco",Finance,data science tournaments,https://github.com/numerai?language=haskell,,
225,Wrinkl,https://www.wrinkl.com/,PR,USA,"NY, NYC","Telecom, Messaging, SaaS",group messaging for business.,https://www.reddit.com/r/haskell/comments/5ebj8q/haskell_opportunities_at_wrinkl_inc_in_nyc/,,
226,Hercules Lab,https://hercules-ci.com,PR,Netherlands,The Hague,"SaaS, Infrastructure",Nix/Hydra bases CI/CD,https://github.com/hercules-ci,,
227,Cachix,https://cachix.org/,PR,Slovenia,Ljubljana,"SaaS, Infrastructure",Nix based CI/CD; Binary Cache as a Service,,,
228,Findeck,https://findeck.de/,PR,Germany,Freiburg,"SaaS, Marketing","static site generation, online marketing",,,
229,VelvetFormula,https://velvetformula.com,PR,Portugal,Lisbon,"Finance, Blockchain",crypto liquidity generation,,,
230,Data Stewardship Wizard,https://ds-wizard.org,PR,Czech Republic,Prague,Smart Data Management Plans, universal platform for generating documents from questionnaires,https://github.com/ds-wizard,,
231,Medilyse,https://www.cpmed.de/,PR,Germany,Freiburg,"Image Analysi, Medical",,https://github.com/factisresearch?language=haskel,,
232,15MinuteMeetings,15minmeetings.com,PR,Norway,Oslo,"SaaS, Scheduling",scheduling app for meetings; zoom integration ,,,
233,TontineTrust,https://tontine.com/,PR,Dublin,Ireland,"Finance, SaaS, Pensions, Insurance",Uberising Retirement & Refactoring the global pensions industry,,,
